iso,Country/Region,unit,1990,1991,1992,1993,1994,1995,1996,1997,1998,1999,2000,2001,2002,2003,2004,2005,2006,2007,2008,2009,2010,2011,2012,2013,2014,2015,2016,2017,2018,2019,2020,2021
CHN,China,MtCO2e,2866.10,3013.46,3141.65,3369.99,3527.20,3924.59,3945.97,3942.74,4061.45,3994.55,4185.16,4390.73,4681.69,5344.61,6099.63,6862.75,7533.82,8134.35,8388.05,8955.38,9776.66,10266.06,10551.52,11033.52,11102.92,10976.57,11028.20,11256.52,11752.80,11953.60,12119.66,12791.58
USA,United States,MtCO2e,5428.40,5379.11,5462.21,5573.08,5665.64,5734.76,5904.89,6164.55,6211.39,6211.89,6375.06,6336.35,6183.84,6248.12,6330.30,6349.58,6259.10,6364.51,6177.47,5760.48,6031.04,5815.39,5598.49,5741.00,5788.13,5678.80,5756.06,5702.26,5915.33,5798.48,5268.61,5564.83
IND,India,MtCO2e,1025.63,1079.89,1103.18,1135.60,1180.19,1246.36,1295.25,1355.73,1384.94,1462.77,1500.33,1748.15,1767.53,1811.82,1901.83,1973.75,2072.27,2219.16,2318.77,2472.50,2582.36,2620.50,2777.35,2841.87,3023.53,3043.88,3118.38,3242.05,3407.73,3385.58,3176.03,3419.89
RUS,Russia,MtCO2e,2631.99,2559.82,2405.59,2216.32,1982.81,1907.38,1864.20,1714.75,1718.38,1747.00,1801.45,1415.11,1421.37,1498.16,1494.87,1519.74,1558.22,1568.83,1571.39,1438.05,1526.56,1698.86,1679.17,1635.68,1630.84,1608.12,1740.17,1773.11,1867.49,1919.68,1836.79,1975.57
BRA,Brazil,MtCO2e,1645.19,1666.21,1676.19,1687.58,1704.41,1731.19,1733.77,1765.51,1801.52,1812.89,1815.40,1908.14,1945.81,1959.32,2007.27,2022.83,2010.41,2049.76,2048.91,2020.63,2128.86,1289.83,1335.01,1356.86,1396.90,1382.60,1465.59,1487.79,1445.49,1467.54,1470.25,1531.51
IDN,Indonesia,MtCO2e,1133.90,1155.42,1176.56,1192.86,1214.15,1250.82,1103.84,2074.64,1306.43,1198.71,1130.23,960.01,1445.36,1111.78,1460.57,1187.78,1613.80,1056.40,1039.74,1439.90,1085.33,1645.82,1667.06,1611.99,1981.44,2020.62,1390.59,1393.73,1648.05,1919.32,1481.59,1484.66
JPN,Japan,MtCO2e,1107.01,1122.45,1135.56,1128.89,1186.59,1201.91,1217.39,1204.63,1158.24,1188.23,1203.08,1159.09,1189.39,1196.15,1186.04,1192.58,1172.07,1207.38,1137.51,1079.94,1137.38,1244.12,1287.52,1303.35,1256.70,1219.55,1227.46,1210.92,1167.48,1126.04,1064.38,1071.59
IRN,Iran,MtCO2e,302.04,329.31,350.97,358.50,390.18,399.98,415.28,433.02,434.94,470.16,497.93,488.24,501.64,537.39,573.01,612.52,653.47,685.73,692.89,714.48,718.63,773.83,773.64,796.15,821.08,819.34,856.89,885.89,880.60,898.34,908.39,952.23
CAN,Canada,MtCO2e,627.95,623.85,638.08,633.93,651.79,667.37,689.15,700.87,717.28,716.44,733.73,959.31,980.53,1002.98,992.88,1006.14,995.43,1027.81,1004.80,970.67,988.74,838.85,838.14,849.47,857.16,857.06,753.91,769.95,788.43,778.44,721.31,733.27
SAU,Saudi Arabia,MtCO2e,238.89,271.95,289.45,286.61,285.62,284.50,299.98,306.16,322.26,326.57,342.87,346.69,364.48,385.36,402.55,422.65,445.14,465.09,504.68,517.50,562.22,593.65,629.86,646.01,689.52,722.94,730.92,724.59,712.36,717.30,708.47,730.64
DEU,Germany,MtCO2e,1097.01,1069.68,1024.28,1015.77,1006.18,1001.85,1031.87,994.72,971.87,933.75,926.20,977.96,961.75,962.83,946.19,924.24,933.02,904.59,907.43,850.93,881.42,840.84,854.06,870.45,829.60,834.28,837.12,819.85,791.24,740.33,684.63,713.29
COD,Democratic Republic of the Congo,MtCO2e,436.84,435.46,435.57,436.88,438.23,438.30,428.66,435.30,437.22,429.39,425.63,422.53,437.07,444.71,448.60,448.33,450.10,442.04,447.66,447.46,451.57,687.19,682.37,685.72,684.82,686.17,686.11,689.24,682.46,687.62,687.81,687.22
MEX,Mexico,MtCO2e,435.34,454.63,457.58,475.02,501.85,481.27,500.56,524.75,558.08,541.69,568.70,476.02,486.49,513.62,520.83,544.90,564.59,576.00,579.79,568.91,585.61,689.57,695.09,682.01,674.88,691.00,699.52,696.73,666.59,677.60,615.58,638.55
KOR,South Korea,MtCO2e,251.21,277.71,299.93,330.09,357.10,388.99,416.56,442.17,376.80,414.56,466.17,459.36,461.57,469.56,495.16,490.22,498.52,508.55,521.33,535.08,586.72,620.42,623.77,623.98,613.45,634.41,649.40,662.97,669.75,654.42,614.66,632.43
AUS,Australia,MtCO2e,543.79,544.83,544.90,547.61,554.49,561.09,563.96,575.46,601.19,641.30,660.32,667.46,663.85,587.61,638.42,601.65,648.12,649.65,620.15,638.51,619.31,659.37,661.95,578.38,595.40,592.53,600.40,646.20,643.14,630.85,580.76,576.40
ZAF,South Africa,MtCO2e,336.73,332.84,329.44,339.88,346.62,359.39,370.66,386.38,394.82,374.35,378.09,411.01,426.27,449.58,478.06,478.23,480.94,502.31,535.26,513.62,536.80,520.90,540.99,551.02,563.22,538.57,538.95,552.19,556.84,563.55,509.29,517.35
TUR,Türkiye,MtCO2e,188.50,190.96,198.44,204.73,199.90,214.40,232.11,241.10,242.32,242.20,266.14,218.20,228.49,239.99,246.00,258.46,287.68,317.30,314.46,317.97,328.18,334.29,349.85,340.71,366.06,374.19,432.16,474.47,474.88,462.83,475.93,513.66
PAK,Pakistan,MtCO2e,168.24,171.72,181.31,190.85,197.46,208.26,215.38,222.04,225.82,238.82,241.13,243.60,249.96,259.24,276.63,285.59,304.95,322.16,323.57,335.80,329.42,336.91,341.09,352.91,366.18,380.55,406.90,433.38,429.45,434.26,466.59,488.02
VNM,Vietnam,MtCO2e,1.28,5.28,7.88,13.28,18.14,26.04,33.94,41.66,53.22,57.19,64.91,159.40,175.64,181.16,202.26,211.98,216.02,230.47,239.58,262.65,281.20,244.74,245.94,260.81,274.67,295.57,326.93,335.32,394.39,451.19,464.89,457.05
THA,Thailand,MtCO2e,172.45,183.94,196.51,214.40,229.66,248.12,268.79,278.52,259.40,270.73,271.09,237.01,250.41,260.81,283.62,291.19,294.61,311.96,313.11,309.76,332.07,364.34,388.80,397.96,395.61,398.44,424.58,433.14,434.59,451.55,451.84,449.51
GBR,United Kingdom,MtCO2e,760.98,769.76,751.96,733.58,731.06,723.31,744.78,724.53,722.24,698.37,700.40,710.56,692.32,701.12,695.84,689.74,686.12,670.76,649.85,593.78,606.91,564.04,583.90,567.36,526.94,511.46,490.47,476.81,466.79,450.43,408.53,427.90
ARG,Argentina,MtCO2e,299.58,303.99,309.02,310.06,313.60,316.66,328.47,334.16,339.49,346.83,345.65,387.66,384.72,407.12,422.97,426.35,440.74,453.22,457.72,436.80,442.27,423.22,428.31,438.16,435.80,441.93,409.76,413.92,412.21,408.72,396.76,419.55
NGA,Nigeria,MtCO2e,291.35,308.82,325.13,322.21,317.28,321.92,352.22,344.10,325.29,311.85,325.58,321.88,301.22,323.39,326.60,330.83,318.28,307.76,313.27,300.66,328.62,337.80,341.23,354.79,364.17,357.80,362.60,364.81,373.06,385.56,375.51,380.78
ITA,Italy,MtCO2e,448.84,446.40,443.39,437.43,432.52,457.94,454.52,458.41,469.84,477.39,482.82,481.21,490.53,509.36,521.08,522.43,510.49,503.68,488.61,439.59,448.19,437.64,419.46,387.48,367.80,379.41,396.74,391.50,386.44,377.36,339.49,375.05
MYS,Malaysia,MtCO2e,187.87,198.86,201.49,208.18,216.19,223.29,233.26,244.63,273.85,251.50,262.96,253.99,270.45,279.38,304.18,319.22,315.48,339.66,350.68,345.96,358.59,134.98,135.12,156.98,189.48,173.76,360.82,344.84,367.73,374.08,364.30,366.28
POL,Poland,MtCO2e,425.04,423.16,412.92,413.45,408.31,408.04,422.63,412.17,383.31,372.62,358.95,298.41,291.92,303.35,307.43,308.84,323.20,323.72,317.52,302.71,321.15,361.76,354.78,348.99,335.77,338.93,343.94,357.30,355.53,337.90,321.99,347.67
FRA,France,MtCO2e,472.05,497.08,482.52,463.57,457.83,466.51,486.24,476.89,492.93,483.75,482.15,445.93,438.98,444.16,442.32,443.63,433.79,427.09,421.07,403.20,407.15,395.99,399.64,400.65,367.18,372.53,371.85,375.22,360.73,351.50,314.54,343.14
EGY,Egypt,MtCO2e,137.19,142.74,145.00,150.53,146.85,156.37,163.80,172.46,178.13,187.58,186.92,199.75,205.14,210.20,223.15,243.06,253.87,268.76,278.00,285.18,287.66,296.09,307.09,304.30,309.81,316.27,326.69,336.70,330.85,306.74,294.97,319.69
KAZ,Kazakhstan,MtCO2e,300.83,308.34,311.69,275.62,254.22,225.83,201.42,179.76,180.67,166.69,167.35,166.78,196.66,208.25,227.25,242.29,262.49,274.85,322.71,295.33,315.21,322.72,320.19,335.25,285.88,266.29,281.74,305.53,305.76,293.05,299.53,317.74
COL,Colombia,MtCO2e,220.09,221.32,224.70,229.67,232.37,237.05,237.56,244.14,246.42,234.76,239.43,229.51,227.01,229.91,232.29,233.41,233.39,239.95,241.19,245.16,249.87,231.33,230.11,239.75,243.58,242.82,273.21,268.51,276.84,278.96,272.97,282.82
ESP,Spain,MtCO2e,232.96,239.05,248.90,234.09,247.00,260.72,254.09,275.54,284.99,309.58,326.90,348.61,365.31,374.36,390.43,405.09,399.14,415.36,382.03,345.95,331.01,341.96,335.56,309.13,307.85,318.39,302.82,319.44,312.91,295.49,256.11,273.13
DZA,Algeria,MtCO2e,121.81,125.49,126.26,134.71,137.04,143.38,146.81,145.97,147.77,151.90,161.50,155.56,161.93,175.13,179.09,186.35,193.81,197.34,202.39,204.47,207.34,214.66,233.42,238.10,250.22,260.04,261.74,264.96,273.00,279.46,264.68,272.99
IRQ,Iraq,MtCO2e,98.89,58.88,83.32,109.45,124.24,122.24,120.60,148.41,130.67,116.29,132.77,143.02,132.95,113.75,128.56,124.97,124.35,119.48,134.86,144.43,160.09,169.44,192.30,204.59,202.47,207.92,229.78,244.86,257.97,277.24,247.94,252.98
ARE,United Arab Emirates,MtCO2e,78.65,86.89,85.33,89.61,98.38,103.17,107.63,110.76,112.76,113.79,114.46,128.26,129.96,138.28,146.30,155.56,162.95,173.72,199.56,199.38,206.96,214.44,224.83,236.87,239.30,251.04,258.48,249.51,233.06,246.29,243.50,249.48
BGD,Bangladesh,MtCO2e,109.97,110.18,112.24,113.59,116.15,121.26,121.70,123.98,123.90,127.97,129.32,135.57,139.02,141.01,142.69,147.58,153.50,156.46,164.77,169.25,176.60,182.57,187.23,191.84,196.77,204.78,212.29,221.79,226.34,229.43,225.27,241.60
PHL,Philippines,MtCO2e,96.87,96.76,98.94,104.33,111.34,123.21,131.75,139.83,133.56,139.09,140.25,139.43,141.31,144.27,147.59,148.84,142.26,148.24,151.50,154.33,160.19,161.86,166.88,177.81,185.21,194.22,205.53,222.82,229.33,236.86,226.56,237.60
VEN,Venezuela,MtCO2e,442.56,459.15,461.31,468.97,475.06,502.08,531.42,551.13,551.17,527.52,544.79,493.24,475.46,459.66,484.21,504.96,503.09,498.63,514.75,502.68,506.66,523.81,554.16,556.36,550.98,527.97,433.81,398.16,353.89,301.56,225.72,226.05
UKR,Ukraine,MtCO2e,783.40,738.65,652.40,569.11,479.51,456.11,395.25,371.53,343.79,336.96,326.02,351.49,356.04,380.79,354.48,341.37,348.82,357.94,346.91,292.18,311.65,337.99,330.79,326.34,292.40,243.23,256.93,230.83,242.33,231.48,223.00,222.06
MMR,Myanmar,MtCO2e,205.32,204.73,207.47,210.14,212.78,215.91,211.71,209.38,215.70,220.83,217.72,196.83,196.51,210.50,224.79,214.67,218.56,229.79,214.82,225.73,231.23,200.61,209.68,212.04,219.69,225.87,218.52,233.05,212.43,212.80,222.17,211.92
ETH,Ethiopia,MtCO2e,93.22,93.34,94.23,88.61,89.81,90.64,93.44,97.44,103.17,104.00,100.30,107.54,115.70,114.14,116.43,120.00,124.97,135.29,138.98,142.88,147.88,148.12,153.79,158.13,164.22,167.63,173.97,176.59,179.64,191.35,197.58,192.07
UZB,Uzbekistan,MtCO2e,161.57,162.40,152.39,154.93,151.37,140.59,141.83,145.80,162.44,162.52,169.79,161.69,168.04,160.08,163.63,158.28,168.94,164.15,173.36,160.49,172.11,183.66,168.65,167.43,159.90,154.93,163.64,168.93,174.75,181.04,177.76,189.03
TKM,Turkmenistan,MtCO2e,145.22,136.65,94.69,104.31,85.96,86.79,83.80,69.58,71.39,89.73,112.73,114.77,122.36,138.17,146.08,150.33,151.01,163.60,170.69,130.61,145.52,174.92,183.20,190.95,187.96,193.81,189.05,186.85,189.51,206.71,184.37,188.53
PER,Peru,MtCO2e,104.55,103.41,104.08,105.17,107.53,112.44,116.13,117.07,117.91,122.10,122.69,125.79,127.73,127.69,131.65,133.36,132.66,136.66,141.49,145.58,150.19,178.18,178.06,180.07,184.05,185.66,189.08,186.60,186.94,190.15,179.63,185.94
NLD,Netherlands,MtCO2e,213.78,218.74,218.13,222.48,222.65,225.49,236.29,228.18,228.37,216.25,214.23,215.00,214.66,214.53,216.21,210.54,205.84,205.23,202.53,197.53,208.16,195.27,193.54,192.33,184.89,193.61,194.34,190.30,184.49,178.84,162.07,166.28
TZA,Tanzania,MtCO2e,98.20,98.47,98.57,99.18,99.92,104.11,96.49,96.14,100.35,100.47,97.90,103.29,109.68,118.37,117.39,124.39,118.37,120.48,123.52,125.25,128.96,131.01,135.77,136.48,136.99,144.41,157.01,156.96,156.00,160.65,160.87,165.24
KWT,Kuwait,MtCO2e,40.47,10.76,33.66,48.98,56.88,56.50,56.38,59.07,63.74,66.31,72.28,75.27,76.95,82.55,87.92,97.21,100.96,98.92,105.90,105.77,110.00,115.92,120.58,124.96,124.12,128.49,134.31,133.24,137.65,140.20,139.73,148.22
BOL,Bolivia,MtCO2e,114.41,115.56,116.37,115.07,114.15,112.60,111.92,114.40,114.33,120.04,110.37,90.61,97.35,93.39,108.82,102.74,104.45,110.65,104.08,102.12,128.67,113.18,113.54,113.10,113.25,116.92,127.80,125.92,126.33,139.10,131.45,136.84
SDN,Sudan,MtCO2e,69.64,70.50,74.16,76.11,80.79,81.93,87.30,94.98,101.76,105.89,106.28,94.82,100.00,102.11,105.26,110.28,109.40,114.98,115.19,116.73,114.73,117.13,118.97,119.77,120.65,124.02,126.78,126.54,127.25,127.23,126.78,128.82
CMR,Cameroon,MtCO2e,75.52,84.13,83.75,81.09,134.05,133.78,135.30,136.08,140.03,138.87,140.41,125.96,125.80,128.90,125.87,128.39,125.72,126.31,126.62,126.33,126.76,118.53,118.82,120.61,121.50,123.36,125.17,124.55,125.68,126.58,127.95,126.69
AGO,Angola,MtCO2e,70.19,70.65,71.52,74.32,77.19,80.44,82.21,81.34,90.77,88.38,82.21,108.91,111.00,117.58,121.29,122.40,118.39,123.75,127.92,131.31,136.95,136.84,136.76,138.74,138.97,144.38,140.66,140.92,125.92,135.23,122.22,124.91
QAT,Qatar,MtCO2e,16.42,19.45,18.84,21.57,24.05,24.89,27.58,34.66,36.16,39.65,40.59,40.26,44.19,48.11,51.98,53.65,60.27,68.18,73.71,75.74,86.13,96.96,106.10,108.21,113.08,116.05,118.38,119.75,118.31,122.21,118.61,120.31
TCD,Chad,MtCO2e,24.46,30.88,31.76,32.71,33.72,34.74,38.56,40.23,44.84,46.67,46.76,51.02,55.20,58.81,62.04,65.70,67.28,69.72,69.86,69.96,73.76,85.42,89.69,91.19,93.69,98.31,100.85,102.76,107.29,110.08,115.60,118.84
ZWE,Zimbabwe,MtCO2e,42.64,42.92,43.75,40.20,39.92,39.74,41.71,40.83,42.12,44.46,41.46,43.10,39.84,37.49,37.69,38.35,37.28,37.84,36.02,36.74,39.66,46.31,42.68,42.21,40.35,42.19,115.72,115.43,117.17,116.07,113.33,115.04
MOZ,Mozambique,MtCO2e,85.38,85.67,86.35,87.09,87.36,87.60,71.45,69.18,72.24,71.07,68.88,90.86,87.07,92.36,92.61,96.90,95.89,96.34,99.75,94.67,104.51,95.47,101.26,103.22,103.19,101.05,111.90,110.91,114.75,108.98,106.13,109.24
LBY,Libya,MtCO2e,74.46,78.48,71.44,77.58,90.01,97.40,99.96,93.85,93.99,92.44,96.09,93.03,92.61,100.42,103.72,112.26,114.49,110.90,115.31,113.46,119.60,66.87,117.26,103.32,89.30,80.20,76.72,95.23,103.01,108.04,71.99,108.72
CZE,Czech Republic,MtCO2e,175.65,158.27,153.78,146.91,140.11,138.89,142.91,139.90,132.93,124.42,136.38,138.66,133.10,136.37,136.65,135.14,136.19,138.00,132.56,126.62,127.89,128.57,125.10,119.86,117.16,119.05,118.62,118.68,117.42,112.12,102.95,108.16
BEL,Belgium,MtCO2e,126.91,131.67,129.71,127.51,132.87,133.04,138.36,135.19,137.94,134.10,134.30,135.73,128.40,131.79,129.67,126.94,123.03,118.24,120.96,114.60,122.09,110.98,109.76,110.61,104.50,109.15,110.50,108.32,109.05,108.16,99.96,103.62
OMN,Oman,MtCO2e,21.04,25.21,25.10,26.70,28.77,32.29,33.27,34.66,33.73,36.69,41.02,44.76,46.37,48.24,47.43,47.42,55.52,58.31,57.98,60.97,65.28,72.69,80.99,85.08,88.74,93.13,96.61,95.71,100.62,101.40,96.63,102.97
ECU,Ecuador,MtCO2e,74.24,74.98,77.52,79.18,82.43,84.89,89.01,90.91,89.20,86.36,85.76,82.95,82.51,83.74,88.16,89.88,92.38,91.93,93.66,97.04,100.62,89.38,89.26,92.36,94.07,92.39,100.47,99.08,100.35,100.52,94.39,98.39
PRY,Paraguay,MtCO2e,75.36,72.35,71.64,71.83,71.79,73.75,73.50,74.67,74.80,77.91,73.27,89.74,90.48,91.76,89.37,90.83,90.83,94.77,92.24,94.27,96.69,109.82,111.07,112.60,114.34,114.68,93.55,96.32,94.55,96.85,97.29,97.70
MAR,Morocco,MtCO2e,31.90,33.16,34.26,33.95,37.06,37.76,38.43,40.33,41.24,43.41,44.55,48.47,49.99,49.97,55.51,57.74,59.28,60.02,63.15,62.82,66.22,74.26,76.08,76.56,77.75,79.97,78.24,82.50,83.90,90.48,86.29,92.99
ZMB,Zambia,MtCO2e,62.41,62.78,62.94,62.49,61.77,61.55,48.79,49.28,50.53,48.87,45.42,54.02,56.54,65.20,67.00,68.36,61.02,63.47,67.08,63.31,72.39,87.65,90.92,90.83,90.55,96.25,95.31,96.13,95.03,95.09,91.29,88.47
BLR,Belarus,MtCO2e,128.91,122.28,108.91,96.14,83.02,75.33,76.15,76.67,74.86,72.92,70.37,76.82,76.36,77.30,80.99,81.80,84.98,83.68,87.73,84.79,89.41,95.15,96.76,97.34,96.59,92.12,86.11,87.61,90.50,88.69,86.26,86.35
ISR,Israel,MtCO2e,44.08,45.15,47.95,52.02,55.36,59.21,62.33,65.36,66.72,68.93,73.82,73.68,75.65,76.46,77.55,76.20,80.47,83.61,84.29,83.77,89.22,88.97,95.50,86.99,85.14,87.25,87.16,88.71,85.10,87.63,84.63,85.58
PRK,North Korea,MtCO2e,161.27,153.63,139.10,129.47,118.30,109.42,97.47,93.89,86.87,91.19,94.76,93.31,89.65,91.37,93.91,97.21,99.42,86.53,94.69,93.10,91.34,74.89,73.64,62.77,66.93,57.58,61.09,99.62,92.93,99.85,95.52,83.86
ROU,Romania,MtCO2e,235.07,195.27,174.72,163.68,158.93,164.56,168.04,155.75,139.47,123.41,127.34,128.81,126.16,131.11,128.97,128.38,131.84,129.03,126.85,110.77,107.78,-170.00,-172.37,-181.74,-182.41,-180.22,80.25,83.41,84.58,82.84,76.35,82.15
MNG,Mongolia,MtCO2e,54.26,56.50,54.27,53.07,51.26,52.19,51.63,53.83,53.48,53.60,54.77,51.47,49.70,49.46,49.30,52.06,55.00,57.78,57.98,59.12,56.33,59.13,62.51,65.03,67.58,68.96,71.17,73.98,75.86,79.35,76.32,78.87
KHM,Cambodia,MtCO2e,25.20,24.90,25.43,26.25,25.07,27.71,23.59,24.92,28.44,28.03,26.37,26.34,29.47,31.97,32.98,31.44,35.28,36.32,36.07,37.41,36.42,101.44,98.97,99.41,99.73,101.61,67.96,70.74,71.49,75.15,76.54,76.91
KEN,Kenya,MtCO2e,30.76,29.47,29.45,29.20,29.54,29.82,29.18,28.91,30.13,32.11,31.07,49.71,50.58,51.55,54.10,54.51,54.90,71.46,72.54,73.00,74.41,69.52,68.53,69.46,72.52,74.48,63.95,61.71,62.72,70.37,78.41,74.68
GRC,Greece,MtCO2e,94.27,94.34,96.41,96.78,99.40,103.83,104.91,105.99,110.19,111.09,116.89,117.26,117.54,120.75,120.81,122.84,121.30,125.28,120.80,114.21,107.34,106.75,102.30,94.63,91.55,89.81,88.53,88.13,85.41,79.93,70.16,71.84
NZL,New Zealand,MtCO2e,46.31,45.97,46.80,45.99,47.49,48.79,49.20,51.62,49.94,52.23,52.43,58.21,59.41,61.90,61.33,62.73,62.87,61.67,61.69,58.79,58.93,64.53,67.14,66.66,67.29,66.65,71.39,73.02,72.29,73.39,70.34,70.58
IRL,Ireland,MtCO2e,64.59,65.11,65.27,65.92,67.34,68.12,69.45,70.81,74.10,75.78,78.98,81.54,80.12,80.99,80.17,81.43,82.02,80.49,79.39,74.00,72.75,68.68,70.11,69.25,69.56,71.39,73.76,72.91,70.60,68.56,66.39,68.98
AUT,Austria,MtCO2e,63.33,67.61,61.79,61.72,61.79,64.27,67.99,67.02,66.99,65.17,65.40,77.02,78.52,83.45,84.34,84.39,82.18,79.23,78.98,71.79,77.58,74.86,71.42,72.03,68.27,69.55,69.85,71.77,68.66,69.74,64.20,67.34
SGP,Singapore,MtCO2e,30.86,34.00,36.63,43.09,46.62,47.93,49.32,49.41,48.75,49.97,54.82,54.74,53.98,50.83,52.29,49.57,50.00,51.28,51.58,52.14,55.90,58.94,58.54,59.44,60.61,62.33,62.69,65.77,64.23,64.95,64.25,67.34
SSD,South Sudan,MtCO2e,38.37,39.23,41.62,43.51,45.48,46.26,51.10,56.43,62.06,65.55,67.47,61.68,65.66,68.39,71.02,74.44,73.35,77.47,78.46,80.41,79.70,76.14,60.93,61.06,62.82,62.73,66.34,63.95,70.55,61.67,71.18,67.21
HUN,Hungary,MtCO2e,91.05,86.01,76.12,76.59,76.31,74.62,76.84,75.15,75.07,75.86,72.88,75.78,74.14,76.88,75.71,75.02,74.30,72.13,70.75,64.91,64.87,63.19,59.32,56.96,57.25,60.18,61.49,63.52,63.33,63.15,61.37,62.58
BWA,Botswana,MtCO2e,54.33,53.74,53.98,53.64,53.87,54.77,55.87,55.42,55.13,55.10,54.77,57.56,57.93,49.84,50.32,51.88,53.81,52.27,61.65,51.59,63.53,69.42,54.66,55.16,53.84,53.32,52.10,56.05,54.56,51.78,53.35,62.33
FIN,Finland,MtCO2e,44.50,44.39,41.29,42.53,49.17,45.21,51.68,49.79,46.23,45.76,44.69,65.88,68.26,76.59,72.82,60.53,72.18,70.21,62.00,58.58,66.75,19.27,13.68,14.42,10.42,6.93,70.97,68.39,69.80,66.89,61.94,61.93
SRB,Serbia,MtCO2e,79.21,68.26,63.29,57.53,53.76,60.28,68.02,72.80,72.62,55.18,57.36,26.84,30.24,33.44,38.54,30.89,33.63,32.58,30.33,27.87,27.41,64.47,59.64,60.35,52.36,58.68,62.89,63.27,61.57,61.70,62.83,60.79
BFA,Burkina Faso,MtCO2e,24.29,24.73,25.02,25.27,25.73,26.11,27.26,27.83,28.68,28.57,29.92,31.79,32.52,35.92,36.59,37.25,37.24,37.93,38.84,39.53,41.18,31.14,31.84,32.64,33.13,34.43,54.31,55.33,56.29,57.23,57.86,59.28
CAF,Central African Republic,MtCO2e,49.27,49.58,49.63,49.68,52.18,52.31,38.24,41.53,46.74,43.00,44.22,54.70,49.07,64.46,53.80,62.11,59.32,63.19,61.36,48.82,58.05,61.72,57.79,55.64,52.07,52.88,62.27,56.49,57.35,55.32,55.58,56.39
BHR,Bahrain,MtCO2e,15.93,15.59,17.78,18.75,19.14,19.88,21.13,22.14,23.87,24.45,25.55,26.36,27.57,28.61,28.76,32.02,34.48,35.66,38.12,38.82,40.77,41.48,43.05,45.89,47.96,48.71,49.30,50.15,50.87,54.31,54.49,55.39
UGA,Uganda,MtCO2e,27.89,28.36,28.62,28.97,28.63,29.31,30.12,31.49,32.92,32.74,32.53,32.04,32.81,34.53,34.54,36.56,35.20,37.94,44.20,44.50,46.03,46.32,48.03,48.04,49.16,50.77,52.16,52.29,53.41,52.98,53.83,54.88
AZE,Azerbaijan,MtCO2e,78.18,75.32,84.07,61.85,40.77,39.88,34.40,33.97,34.53,34.80,36.58,35.72,35.79,38.50,38.56,41.68,44.07,43.16,47.65,43.46,42.31,43.77,46.82,48.03,49.18,49.01,50.40,49.71,51.13,53.49,51.93,54.61
PRT,Portugal,MtCO2e,57.72,59.45,63.49,62.40,64.30,68.07,66.45,68.78,73.97,80.68,80.20,78.61,83.25,78.95,80.44,83.86,78.50,77.09,74.83,74.04,68.67,66.36,64.68,63.01,62.57,66.69,66.78,71.77,66.88,61.84,55.90,53.68
CIV,Côte d'Ivoire,MtCO2e,68.88,71.59,74.23,76.92,79.74,80.64,81.65,83.40,84.16,86.35,86.36,51.96,52.01,49.26,47.65,48.99,48.01,47.45,47.00,45.59,45.28,44.90,46.58,47.95,47.84,48.66,50.11,50.68,50.38,51.56,52.03,53.67
PNG,Papua New Guinea,MtCO2e,28.81,29.82,30.86,31.93,32.81,35.86,35.38,49.87,36.17,37.00,38.03,37.79,38.53,38.49,39.64,38.17,38.18,38.12,37.68,37.87,37.87,45.93,46.61,47.80,49.42,52.18,51.82,51.89,52.99,53.02,53.86,53.29
NPL,Nepal,MtCO2e,19.88,20.13,19.85,20.66,21.38,22.47,22.48,22.88,23.51,24.84,25.12,22.74,21.87,23.21,23.23,23.90,23.43,23.51,24.92,26.84,28.13,36.09,37.44,38.13,39.60,38.44,44.88,45.74,47.64,47.70,49.76,51.37
CHL,Chile,MtCO2e,28.85,27.71,29.31,32.00,36.08,39.79,46.25,53.45,54.49,57.41,53.43,32.50,33.23,33.96,39.33,39.97,41.19,49.00,53.79,51.31,56.45,17.71,20.15,23.22,15.98,22.08,49.48,51.40,50.13,56.11,49.37,50.66
MLI,Mali,MtCO2e,17.44,17.38,17.45,17.70,17.98,18.36,18.76,19.59,23.80,24.86,24.16,21.34,21.69,22.30,24.61,25.46,25.78,26.80,28.18,28.52,30.35,31.26,32.11,33.21,34.15,35.57,39.95,41.01,42.46,44.74,47.23,48.49
NER,Niger,MtCO2e,18.64,19.11,19.60,20.25,20.75,21.34,22.11,22.78,23.71,24.30,24.82,21.10,21.87,22.77,23.63,24.53,25.46,26.67,27.88,29.22,29.33,30.36,32.41,34.21,35.91,37.10,38.80,40.23,42.12,44.06,46.11,48.42
SYR,Syria,MtCO2e,71.45,81.23,86.42,90.16,93.27,97.33,99.06,98.93,102.31,101.74,101.12,102.07,105.00,104.32,96.07,105.80,107.79,110.48,111.18,106.54,106.09,100.79,75.09,51.90,45.77,43.80,43.44,45.36,46.64,46.78,46.40,46.64
SLB,Solomon Islands,MtCO2e,4.29,4.31,4.32,4.34,4.36,4.37,4.39,4.40,4.42,4.43,4.45,2.25,2.27,2.28,2.31,2.33,2.35,2.37,2.39,2.41,2.43,-17.06,-17.04,-16.99,-17.02,-17.04,46.21,46.24,46.28,46.30,46.32,46.36
LAO,Laos,MtCO2e,19.63,19.55,19.87,19.88,20.24,20.29,20.39,20.06,21.78,20.46,20.33,20.85,22.11,22.69,27.53,24.57,23.34,29.09,23.89,25.29,29.47,21.79,23.93,25.04,25.29,29.99,38.49,39.66,39.97,40.88,43.91,44.86
DNK,Denmark,MtCO2e,70.68,81.57,75.43,78.06,81.76,78.66,92.18,82.50,78.50,75.74,72.02,73.37,72.70,78.23,72.04,68.34,75.99,71.11,67.54,64.61,64.87,57.46,52.35,53.76,49.57,47.53,51.99,49.71,49.16,45.52,43.10,44.36
CHE,Switzerland,MtCO2e,51.95,54.17,54.10,51.73,50.84,51.76,52.38,50.92,52.48,52.61,51.86,52.62,50.95,52.17,52.66,53.38,53.09,51.17,52.79,51.35,52.92,48.96,50.26,51.29,47.48,46.70,47.18,46.20,44.96,44.74,42.28,44.00
SOM,Somalia,MtCO2e,41.94,39.01,37.05,39.03,40.97,41.63,42.08,42.47,42.31,42.38,42.56,43.10,43.49,43.72,44.02,44.46,43.19,42.09,42.11,42.14,42.35,42.50,42.80,42.91,43.05,43.11,43.14,43.08,43.09,43.35,43.52,43.16
DOM,Dominican Republic,MtCO2e,8.50,9.62,11.09,11.59,13.57,14.07,14.99,16.67,18.61,19.21,19.91,26.02,28.45,26.12,25.41,26.73,28.65,29.85,30.00,29.49,30.85,31.99,32.80,32.57,32.93,35.36,36.20,35.47,37.94,40.84,39.35,42.28
GIN,Guinea,MtCO2e,18.98,19.30,19.63,19.99,20.40,20.81,20.30,20.74,22.20,21.77,22.21,23.13,24.24,24.58,24.54,25.99,26.37,26.70,27.40,27.82,30.10,31.43,32.75,32.89,33.30,33.97,37.64,38.08,37.88,39.72,41.09,41.04
MDG,Madagascar,MtCO2e,53.54,53.57,53.83,54.21,53.97,54.47,55.02,54.41,55.60,55.26,53.96,46.31,43.75,46.36,45.17,49.52,47.98,49.39,48.02,49.20,49.89,37.98,38.54,37.87,38.39,39.28,40.90,40.39,38.90,40.43,40.06,40.43
TUN,Tunisia,MtCO2e,20.98,21.98,23.34,23.52,23.19,23.68,25.04,25.54,26.98,28.49,29.84,30.33,30.53,30.31,31.67,32.39,33.53,35.16,35.65,35.96,38.41,42.10,44.74,43.99,46.48,46.87,37.94,38.27,38.85,38.82,36.96,39.98
GTM,Guatemala,MtCO2e,27.91,28.28,29.48,30.13,30.33,31.36,31.61,31.87,35.54,34.19,36.47,33.10,34.42,36.63,34.99,37.59,36.48,38.29,36.79,38.56,38.24,32.79,33.45,34.76,35.72,38.78,35.81,35.20,36.86,38.12,36.71,39.32
NIC,Nicaragua,MtCO2e,29.12,27.76,28.66,29.33,29.64,29.02,29.03,29.87,30.82,31.38,31.95,36.06,36.49,37.71,37.13,37.69,37.79,37.95,37.84,37.89,38.30,26.77,27.13,27.41,28.35,29.27,38.17,38.05,38.06,38.65,38.58,38.94
SVK,Slovakia,MtCO2e,57.28,48.95,46.46,44.04,41.36,41.94,41.95,41.81,40.66,39.21,36.59,38.23,37.78,38.04,37.35,38.17,37.74,36.78,36.81,33.17,34.70,33.99,31.63,32.29,29.64,30.08,37.47,39.40,38.85,37.01,34.95,37.98
LKA,Sri Lanka,MtCO2e,28.20,28.04,29.81,30.12,30.90,31.02,30.95,28.97,26.48,25.90,25.14,22.76,23.61,24.80,24.92,26.86,25.31,26.24,26.50,25.65,26.93,27.69,29.57,26.68,29.33,31.80,36.55,35.65,35.09,37.63,36.91,37.35
URY,Uruguay,MtCO2e,15.45,17.06,18.67,19.20,19.09,19.29,20.62,20.33,19.92,20.98,19.11,21.97,22.28,23.17,25.08,25.25,27.38,26.34,28.92,28.47,26.07,30.71,31.57,30.57,30.07,29.96,35.37,34.61,34.44,34.85,34.25,37.26
SEN,Senegal,MtCO2e,17.80,18.09,18.53,18.78,19.10,19.38,20.93,21.41,22.62,24.81,24.78,23.63,23.31,22.60,24.65,25.36,25.91,26.05,27.01,27.50,28.53,27.63,27.20,28.48,29.09,29.78,32.01,32.36,32.87,33.94,34.92,36.25
SWE,Sweden,MtCO2e,74.25,74.85,77.43,77.39,79.22,78.83,84.43,78.24,79.08,77.84,73.94,59.23,60.62,61.69,60.37,56.74,55.26,53.32,52.18,48.40,54.18,39.18,36.41,34.63,33.46,33.41,38.52,38.23,36.09,35.38,34.05,36.08
JOR,Jordan,MtCO2e,18.65,19.10,21.85,22.58,23.69,23.33,22.56,22.08,21.29,20.35,20.92,21.02,21.80,22.39,24.01,25.60,26.50,27.89,27.30,28.19,27.77,28.44,32.18,32.46,34.53,35.20,35.59,37.36,36.57,35.62,33.96,35.27
AFG,Afghanistan,MtCO2e,9.24,9.51,9.16,9.29,9.34,9.79,10.84,11.83,12.67,13.59,11.82,12.73,15.38,16.07,15.69,16.76,17.39,18.34,21.47,24.44,28.71,32.20,30.68,30.18,30.92,31.37,31.02,31.90,33.25,33.54,34.50,35.18
NOR,Norway,MtCO2e,35.03,32.41,32.61,35.04,36.96,36.87,37.00,38.73,40.00,42.02,36.46,28.93,28.46,30.51,30.83,29.82,30.15,30.48,30.98,30.05,32.24,35.01,34.67,35.34,35.35,36.17,35.65,35.36,34.81,33.58,32.19,32.48
CUB,Cuba,MtCO2e,43.96,34.78,28.60,25.15,26.59,27.73,30.41,32.64,32.18,32.61,32.97,32.54,31.37,30.48,29.86,29.97,30.92,31.86,31.17,32.03,33.20,30.70,31.75,32.11,29.98,31.98,39.64,38.35,38.79,36.41,32.78,32.12
HND,Honduras,MtCO2e,17.29,17.40,17.71,17.51,18.20,18.97,18.47,18.88,19.43,18.28,18.78,18.82,19.27,22.30,21.56,22.54,22.80,23.54,23.78,23.76,23.69,26.65,26.57,26.91,27.46,28.03,27.98,26.63,26.92,27.99,28.11,27.84
COG,Republic of Congo,MtCO2e,18.55,18.55,18.85,18.41,17.43,18.21,18.33,19.04,20.38,20.96,21.14,20.52,18.38,19.91,20.55,22.47,24.00,21.68,22.21,23.38,25.38,25.44,23.37,24.30,23.74,24.57,25.36,25.67,28.35,29.51,28.90,27.72
YEM,Yemen,MtCO2e,21.08,22.89,23.30,25.12,31.82,33.18,33.83,35.83,37.26,40.30,43.96,45.41,45.49,48.73,48.82,50.89,51.14,51.00,50.51,52.96,52.78,46.57,42.33,50.73,48.37,27.50,22.56,23.59,26.07,27.76,26.64,26.61
NAM,Namibia,MtCO2e,false,19.82,19.77,19.74,19.94,20.05,19.92,19.76,20.47,20.51,21.32,21.08,19.92,20.52,21.04,21.84,23.19,22.44,20.93,24.00,23.34,28.60,30.19,22.94,22.17,22.27,22.87,23.01,22.30,21.40,24.40,24.85
BEN,Benin,MtCO2e,19.55,19.66,19.74,19.79,20.05,19.84,21.47,21.83,22.86,22.66,22.80,17.19,18.22,18.22,18.33,19.48,19.72,20.44,20.12,20.77,21.16,21.29,21.24,21.89,22.41,22.84,24.53,24.70,25.97,26.35,26.94,24.79
LTU,Lithuania,MtCO2e,51.81,53.19,38.62,32.72,30.68,29.11,29.89,29.66,30.55,27.79,26.09,26.02,26.37,26.54,27.47,28.60,28.73,29.75,29.18,25.59,26.39,19.76,19.69,18.79,18.29,18.55,24.01,23.92,24.00,24.12,24.11,24.46
LBN,Lebanon,MtCO2e,7.29,8.79,8.85,12.26,13.20,15.50,16.54,18.76,19.12,20.10,18.93,20.25,20.22,20.91,21.47,20.89,19.95,18.91,22.72,26.15,25.25,25.85,28.49,28.47,30.66,32.81,33.91,35.70,34.21,34.05,29.15,24.37
TTO,Trinidad and Tobago,MtCO2e,21.78,21.66,21.52,16.87,13.10,12.65,13.76,14.16,14.53,15.00,15.88,17.63,19.39,23.30,24.32,26.53,30.13,30.77,30.41,29.54,32.21,33.18,32.70,33.65,33.61,32.67,29.04,29.25,29.09,29.63,26.54,24.33
BIH,Bosnia and Herzegovina,MtCO2e,33.66,30.82,23.56,20.10,9.71,9.62,10.66,15.56,18.38,18.34,22.12,18.78,18.94,19.47,20.53,21.29,23.17,24.28,26.40,26.46,26.49,25.56,23.77,23.54,21.04,21.26,25.82,26.10,26.10,24.37,24.34,24.01
PAN,Panama,MtCO2e,13.61,14.10,14.77,15.03,15.32,15.52,15.51,15.45,16.53,15.67,15.77,15.55,14.82,15.13,15.11,16.76,17.29,17.29,17.41,19.00,19.62,20.72,21.42,21.39,21.83,21.73,21.94,21.51,21.56,24.87,21.53,23.04
MWI,Malawi,MtCO2e,11.61,11.79,11.79,11.94,11.55,11.75,11.77,11.69,11.94,11.96,11.95,12.05,12.39,12.89,12.74,13.06,13.00,13.56,14.14,13.96,15.16,15.12,15.65,15.75,16.33,16.72,17.17,17.27,19.12,20.05,21.79,21.99
GAB,Gabon,MtCO2e,16.13,17.28,17.31,17.49,18.68,19.93,20.91,20.82,21.84,20.72,20.01,19.45,18.74,20.14,19.83,19.39,17.96,17.24,17.90,17.70,18.53,21.78,21.37,21.47,21.78,22.20,22.54,20.90,20.19,21.13,20.84,20.25
GUY,Guyana,MtCO2e,7.76,7.93,7.92,8.72,9.02,9.72,9.98,10.27,10.41,10.40,10.07,10.82,10.72,11.01,11.29,10.93,10.74,11.05,11.20,11.23,11.49,19.20,19.44,19.60,19.81,19.96,17.38,17.48,17.62,17.95,18.81,18.61
GEO,Georgia,MtCO2e,31.33,21.78,14.39,8.86,1.70,-1.36,-2.88,-3.70,-4.18,-4.43,-4.02,8.27,7.72,8.25,8.32,8.87,9.23,10.00,9.10,9.86,9.59,14.28,15.14,16.16,16.81,17.16,17.54,17.49,17.14,17.89,17.68,18.16
BGR,Bulgaria,MtCO2e,76.47,59.48,53.66,52.22,48.27,49.49,50.06,46.98,43.39,36.58,36.03,36.59,33.91,38.77,37.53,37.52,37.47,41.67,39.26,31.77,33.42,50.75,45.00,39.85,42.43,45.13,20.58,22.72,19.49,17.66,12.57,18.15
TJK,Tajikistan,MtCO2e,17.85,16.85,13.98,11.12,8.61,8.00,7.35,7.59,7.51,7.02,6.65,6.29,6.32,6.47,7.02,7.09,7.58,8.29,8.67,8.35,8.44,8.66,9.46,9.88,11.42,12.02,13.10,14.49,15.89,17.29,17.83,17.82
HRV,Croatia,MtCO2e,27.90,21.33,22.28,22.98,22.99,24.28,24.23,25.06,24.95,25.32,24.31,25.19,26.22,27.34,27.06,27.02,27.73,29.25,28.44,25.88,25.32,24.39,22.39,21.30,20.50,21.11,18.33,18.98,17.89,17.98,17.07,17.74
GHA,Ghana,MtCO2e,21.39,21.44,21.86,22.00,22.30,22.67,23.75,24.98,28.60,27.27,27.59,61.61,62.79,63.37,62.49,64.73,66.01,66.26,66.00,67.24,68.89,54.62,56.45,58.72,58.28,59.96,5.99,7.99,9.68,11.63,15.38,17.20
EST,Estonia,MtCO2e,40.93,37.83,28.53,23.21,23.19,21.13,21.94,21.53,20.23,19.64,19.21,19.49,19.08,20.97,21.20,21.07,20.42,24.13,21.86,18.42,22.97,18.11,16.63,18.56,17.26,14.13,23.59,24.50,23.48,17.81,14.79,16.02
SVN,Slovenia,MtCO2e,7.99,6.84,6.62,7.36,7.42,8.24,9.04,9.51,9.25,8.60,8.40,7.20,7.28,7.25,7.45,7.70,8.03,8.00,8.98,7.00,7.30,16.14,15.52,14.89,13.39,13.49,17.28,17.46,17.33,16.88,15.65,15.92
LBR,Liberia,MtCO2e,14.36,14.25,14.28,14.27,14.26,14.27,14.17,14.22,14.30,14.20,14.24,14.23,14.26,14.41,14.44,14.50,14.83,14.60,14.60,15.60,14.87,15.05,15.16,15.16,15.43,16.22,15.04,15.06,14.97,15.66,15.25,15.26
KGZ,Kyrgyzstan,MtCO2e,31.40,28.97,21.52,16.72,11.58,8.89,9.79,9.67,9.90,8.52,8.44,8.87,9.84,10.47,10.62,10.31,10.43,11.64,12.73,12.38,12.09,12.79,15.41,14.90,15.53,15.87,12.90,12.72,14.85,13.66,12.88,14.15
MDA,Moldova,MtCO2e,37.91,31.74,26.89,23.46,20.37,18.33,16.54,14.87,13.40,12.04,11.19,10.72,10.86,11.46,11.44,11.75,11.41,11.63,11.50,10.82,11.73,12.45,12.19,11.32,11.95,12.18,12.94,12.93,13.47,13.63,13.19,14.10
SUR,Suriname,MtCO2e,5.90,6.26,6.36,6.38,6.42,6.51,6.62,6.60,6.66,6.69,6.00,6.40,5.84,6.06,6.39,6.61,6.54,6.45,6.63,6.75,7.10,11.64,12.11,11.97,12.37,12.46,13.86,13.35,12.99,13.58,13.55,13.52
SLV,El Salvador,MtCO2e,7.94,8.73,9.11,9.58,10.20,10.46,10.41,11.27,11.39,11.60,11.20,11.84,12.08,12.65,13.01,13.40,13.88,14.45,13.89,13.52,13.27,13.18,13.34,12.60,12.86,13.33,13.26,12.39,12.80,13.66,12.35,13.39
GNQ,Equatorial Guinea,MtCO2e,4.04,4.20,5.43,5.57,5.70,5.85,6.16,7.52,8.58,10.24,9.36,11.54,11.15,12.19,15.89,16.34,16.26,16.88,16.10,14.27,14.62,13.88,13.91,13.74,15.50,14.67,14.11,13.22,12.87,12.66,12.50,12.26
BRN,Brunei,MtCO2e,5.98,6.19,6.49,6.92,7.23,7.61,7.75,8.36,11.73,7.44,7.86,7.81,7.78,8.93,8.38,8.24,10.96,10.46,11.35,11.12,10.41,9.75,9.70,9.49,9.45,8.64,9.37,9.76,10.05,9.87,12.06,12.04
LVA,Latvia,MtCO2e,15.09,13.17,10.60,7.43,4.46,2.89,2.89,2.34,1.95,1.41,0.88,0.20,0.25,0.55,0.58,0.78,1.35,1.81,1.52,0.75,1.94,12.46,12.28,12.20,12.10,12.15,11.85,11.78,12.33,12.17,11.53,11.68
ARM,Armenia,MtCO2e,24.52,25.07,14.81,8.65,6.13,6.70,5.61,6.31,6.27,5.74,6.12,6.22,5.90,6.32,6.71,7.44,7.84,8.49,9.01,7.87,7.69,8.12,9.12,9.06,9.05,9.08,9.45,9.29,9.48,9.91,10.46,11.08
HTI,Haiti,MtCO2e,5.41,5.63,6.04,5.68,5.17,5.96,6.24,6.67,6.81,6.94,7.45,7.62,7.89,7.93,7.79,7.89,7.97,8.37,8.43,8.46,9.01,9.91,9.70,9.99,10.43,10.75,10.99,11.02,10.91,11.09,10.95,10.99
SLE,Sierra Leone,MtCO2e,6.50,6.48,6.47,6.54,6.51,6.37,6.06,6.07,6.16,5.90,5.89,6.08,6.50,7.09,7.36,7.48,8.60,7.82,7.62,7.90,7.95,8.42,9.28,9.44,9.82,9.91,9.83,9.78,10.27,9.33,9.47,10.23
MKD,Macedonia,MtCO2e,13.97,13.17,12.44,12.45,11.99,11.60,13.17,12.01,12.76,11.83,11.50,11.51,10.91,11.68,11.48,11.77,11.77,12.27,12.06,11.37,11.25,12.14,11.71,10.79,10.42,10.15,10.03,10.53,10.01,10.90,9.75,9.72
TGO,Togo,MtCO2e,6.23,6.06,5.76,5.63,5.90,5.87,6.49,6.25,7.21,7.62,7.12,4.97,5.39,6.04,5.81,6.68,6.15,5.84,6.16,7.66,7.46,7.96,7.52,7.45,6.99,7.76,8.18,7.99,8.38,8.54,9.24,9.33
MRT,Mauritania,MtCO2e,6.16,6.36,6.17,6.34,6.21,6.23,6.72,7.01,7.37,7.83,8.23,8.31,8.29,8.42,8.34,8.45,8.82,8.81,8.15,8.73,9.24,9.23,9.47,9.66,9.82,10.06,8.61,8.62,8.71,8.98,8.98,9.22
LUX,Luxembourg,MtCO2e,11.55,12.04,11.73,11.94,11.09,8.95,9.03,8.53,7.86,8.25,8.89,9.49,10.28,10.70,12.15,12.39,12.18,11.60,11.52,10.93,11.52,11.66,11.43,10.92,10.40,9.89,9.56,9.74,10.03,10.21,8.54,8.90
ALB,Albania,MtCO2e,11.37,9.02,6.97,6.94,7.75,7.59,7.32,6.59,6.82,8.03,8.42,7.00,7.64,8.05,8.12,7.89,7.80,7.88,7.61,7.68,8.12,8.78,8.22,8.45,8.89,8.56,8.95,9.68,9.43,8.95,8.39,8.59
JAM,Jamaica,MtCO2e,9.35,9.34,10.15,10.35,10.39,10.73,11.07,11.22,11.77,12.09,12.20,9.34,9.52,9.94,9.85,9.81,11.02,10.95,8.54,6.80,6.40,9.14,8.62,9.08,8.89,8.79,9.23,8.93,10.35,10.15,7.55,8.16
RWA,Rwanda,MtCO2e,5.22,5.20,5.13,5.05,4.88,5.07,5.27,5.64,5.64,5.86,5.70,5.63,5.85,5.95,6.06,6.12,6.40,6.54,6.75,6.88,7.16,6.15,6.31,6.50,6.49,7.17,6.99,7.18,7.37,7.67,7.64,8.04
CYP,Cyprus,MtCO2e,5.37,5.90,6.32,6.60,6.85,6.74,7.13,7.21,7.54,7.82,8.08,7.81,8.04,8.71,8.65,8.76,8.90,9.23,9.45,9.27,8.94,8.64,8.13,7.42,7.82,7.90,8.35,8.49,8.31,8.29,7.88,7.99
CRI,Costa Rica,MtCO2e,10.93,11.23,12.37,12.46,12.87,12.46,12.43,12.48,13.21,13.00,12.85,10.26,10.26,10.63,10.64,11.18,11.51,12.93,13.06,12.63,12.76,6.63,6.63,7.14,7.09,7.04,7.85,8.15,8.45,8.43,7.09,7.69
BDI,Burundi,MtCO2e,6.49,6.55,6.54,6.52,6.42,6.58,6.62,6.69,6.73,6.83,6.88,4.75,4.75,4.73,4.78,4.85,5.01,5.08,5.21,5.36,5.70,0.97,1.04,1.43,1.42,1.43,6.76,7.38,7.59,7.25,7.35,7.61
BLZ,Belize,MtCO2e,13.11,13.33,13.42,13.54,13.66,12.56,11.41,10.41,9.42,8.28,7.30,4.03,4.12,4.42,3.96,4.13,4.13,4.36,4.29,4.42,4.50,7.18,6.62,6.85,6.71,6.95,6.69,6.74,6.68,6.89,6.90,6.80
ERI,Eritrea,MtCO2e,4.11,4.11,4.82,4.42,4.60,4.72,5.28,5.77,5.72,5.90,6.01,5.73,5.68,5.82,5.86,5.85,5.65,5.95,5.89,5.94,5.87,6.10,6.17,6.19,6.23,6.25,6.39,6.43,6.55,6.59,6.65,6.71
MUS,Mauritius,MtCO2e,2.28,2.38,2.47,2.63,2.70,2.76,2.93,3.04,3.32,3.84,4.29,4.50,4.52,4.71,4.74,4.92,5.35,5.49,5.60,5.60,5.87,5.84,6.00,6.13,6.33,6.38,6.50,6.70,6.72,6.82,6.41,6.71
TLS,Timor-Leste,MtCO2e,0.92,0.99,0.99,1.02,1.10,1.12,1.14,1.15,1.16,1.05,1.12,2.18,3.25,4.09,4.87,5.85,6.21,6.50,6.88,7.20,7.50,7.39,7.38,7.26,7.25,7.18,7.00,6.82,6.56,6.54,6.18,6.21
LSO,Lesotho,MtCO2e,2.98,3.03,3.24,3.25,3.25,3.22,3.23,3.35,3.24,3.72,3.66,3.67,3.49,3.57,3.54,3.73,3.70,3.79,3.76,3.88,3.92,4.69,4.74,3.92,4.05,3.84,3.80,4.24,3.97,3.86,3.38,4.63
GNB,Guinea-Bissau,MtCO2e,3.19,3.20,3.24,3.27,3.29,3.32,2.97,3.01,3.23,3.58,3.28,3.59,3.75,3.76,3.65,3.54,3.92,3.94,3.77,3.78,3.95,3.86,4.43,4.13,4.22,4.44,4.09,4.01,4.10,4.18,4.24,4.08
BRB,Barbados,MtCO2e,3.47,3.51,3.41,3.37,3.56,3.62,3.71,3.94,3.97,4.07,4.19,4.07,4.03,4.07,4.11,4.14,4.16,4.19,4.50,4.41,4.27,4.37,4.26,4.29,4.15,4.14,4.16,4.15,4.18,4.22,3.81,3.93
MNE,Montenegro,MtCO2e,4.18,3.57,3.56,3.39,3.35,3.49,3.75,3.89,3.98,3.41,3.67,0.03,0.14,0.27,0.27,0.07,0.15,-0.07,0.37,-0.71,0.01,4.03,3.80,3.65,3.55,3.66,3.44,3.58,3.78,3.85,3.78,3.82
ISL,Iceland,MtCO2e,4.06,3.94,3.74,3.70,3.78,3.71,3.97,3.94,4.08,4.05,4.09,3.93,3.99,3.96,4.02,3.96,4.44,4.45,4.35,4.03,3.90,3.66,3.64,3.79,3.78,3.90,3.45,3.51,3.53,3.47,3.27,3.38
GMB,Gambia,MtCO2e,5.00,5.15,5.26,5.38,4.92,4.44,4.15,3.83,3.56,3.49,3.13,2.59,2.38,2.27,2.18,2.03,2.12,2.17,2.32,2.68,2.72,2.42,2.50,2.57,2.71,2.93,2.82,2.81,2.83,3.00,3.03,3.05
SWZ,Eswatini,MtCO2e,2.79,2.80,2.67,2.38,3.03,3.02,2.81,2.79,2.87,2.88,2.67,2.55,2.58,2.58,2.57,2.58,2.52,2.78,2.70,2.64,2.54,2.51,2.51,2.69,2.71,2.72,2.81,2.81,2.82,2.99,2.91,3.04
BHS,Bahamas,MtCO2e,2.23,2.31,2.18,2.05,2.08,2.16,2.19,1.99,2.40,2.44,2.46,2.27,2.32,2.35,2.41,2.24,2.18,2.20,2.32,2.55,2.61,2.55,2.43,2.49,2.53,2.65,2.65,3.01,2.84,2.88,2.62,2.73
GRD,Grenada,MtCO2e,1.84,1.86,1.88,1.89,1.92,1.94,1.98,2.00,2.03,2.05,2.06,2.08,2.10,2.12,2.12,2.15,2.16,2.19,2.21,2.22,2.24,2.24,2.27,2.32,2.26,2.29,2.31,2.33,2.37,2.41,2.37,2.39
MDV,Maldives,MtCO2e,0.20,0.21,0.28,0.26,0.26,0.32,0.35,0.41,0.39,0.51,0.55,0.58,0.71,0.63,0.80,0.74,0.90,0.94,1.01,1.07,1.13,1.20,1.36,1.37,1.62,1.60,1.81,1.94,2.22,2.50,2.23,2.34
MLT,Malta,MtCO2e,2.53,2.43,2.41,3.05,2.76,2.63,2.57,2.73,2.64,2.68,2.41,2.79,2.62,2.92,2.93,2.98,3.06,3.15,3.09,2.90,3.01,2.99,3.16,2.83,2.84,2.16,1.87,2.02,2.04,2.14,2.08,2.07
DJI,Djibouti,MtCO2e,0.94,0.95,0.96,0.98,0.99,1.05,1.08,1.13,1.20,1.23,1.22,1.23,1.26,1.28,1.27,1.31,1.31,1.35,1.36,1.34,1.42,1.38,1.40,1.48,1.33,1.38,1.34,1.36,1.40,1.43,1.36,1.42
ATG,Antigua and Barbuda,MtCO2e,0.39,0.41,0.42,0.44,0.46,0.47,0.50,0.54,0.57,0.61,0.64,0.68,0.72,0.77,0.81,0.86,0.93,0.99,1.03,1.08,1.09,1.10,1.12,1.13,1.15,1.18,1.22,1.25,1.29,1.34,1.35,1.42
SYC,Seychelles,MtCO2e,0.22,0.24,0.24,0.26,0.28,0.28,0.32,0.36,0.38,0.40,0.38,0.41,0.44,0.44,0.48,0.48,0.49,0.51,0.52,0.56,0.56,0.53,0.55,0.54,0.59,0.64,0.71,0.72,0.76,0.76,0.77,0.78
COM,Comoros,MtCO2e,0.32,0.32,0.33,0.34,0.34,0.35,0.35,0.36,0.37,0.38,0.37,0.38,0.39,0.41,0.42,0.46,0.46,0.38,0.41,0.44,0.48,0.48,0.49,0.53,0.52,0.54,0.56,0.63,0.65,0.68,0.75,0.76
LCA,Saint Lucia,MtCO2e,0.77,0.79,0.83,0.87,0.90,0.83,0.77,0.68,0.64,0.57,0.48,0.52,0.51,0.54,0.56,0.56,0.58,0.60,0.61,0.61,0.68,0.65,0.67,0.67,0.68,0.68,0.69,0.72,0.72,0.72,0.70,0.72
WSM,Samoa,MtCO2e,0.44,0.45,0.45,0.47,0.49,0.50,0.52,0.52,0.54,0.54,0.54,0.57,0.58,0.58,0.59,0.60,0.59,0.60,0.58,0.59,0.63,0.65,0.65,0.65,0.67,0.71,0.70,0.70,0.68,0.69,0.68,0.70
VUT,Vanuatu,MtCO2e,0.48,0.50,0.52,0.55,0.55,0.56,0.58,0.59,0.58,0.59,0.57,0.55,0.55,0.57,0.55,0.56,0.57,0.69,0.70,0.69,0.71,0.73,0.73,0.73,0.78,0.71,0.64,0.61,0.69,0.65,0.68,0.69
CPV,Cape Verde,MtCO2e,-0.20,-0.20,-0.16,-0.17,-0.19,-0.14,-0.15,-0.13,-0.10,-0.05,-0.05,0.45,0.48,0.50,0.53,0.54,0.62,0.56,0.56,0.60,0.64,0.66,0.63,0.61,0.60,0.61,0.61,0.61,0.65,0.67,0.63,0.65
AND,Andorra,MtCO2e,0.43,0.43,0.43,0.44,0.44,0.46,0.49,0.51,0.54,0.57,0.59,0.59,0.60,0.61,0.64,0.66,0.64,0.64,0.64,0.62,0.63,0.60,0.60,0.59,0.57,0.58,0.59,0.59,0.62,0.61,0.50,0.49
BTN,Bhutan,MtCO2e,-5.72,-5.76,-5.78,-5.82,-5.79,-5.71,-5.68,-5.60,-5.60,-5.56,-5.62,-5.69,-5.68,-5.71,-5.77,-5.63,-5.60,-5.52,-5.54,-5.61,-5.48,0.05,0.19,0.21,0.35,0.39,0.58,0.67,0.81,0.79,0.25,0.41
STP,Sao Tome and Principe,MtCO2e,0.07,0.07,0.07,0.07,0.07,0.07,0.07,0.07,0.08,0.08,0.08,0.08,0.09,0.10,0.11,0.11,0.11,0.11,0.12,0.13,0.14,0.34,0.36,0.36,0.38,0.39,0.40,0.41,0.40,0.40,0.40,0.40
TON,Tonga,MtCO2e,0.25,0.26,0.25,0.26,0.26,0.26,0.24,0.24,0.24,0.25,0.23,0.23,0.23,0.26,0.25,0.25,0.27,0.26,0.26,0.28,0.26,0.25,0.25,0.26,0.26,0.25,0.27,0.28,0.28,0.31,0.34,0.35
VCT,Saint Vincent and the Grenadines,MtCO2e,0.11,0.12,0.12,0.15,0.16,0.17,0.17,0.18,0.21,0.21,0.20,0.28,0.28,0.29,0.31,0.31,0.31,0.33,0.31,0.37,0.32,0.31,0.32,0.31,0.35,0.33,0.34,0.31,0.33,0.32,0.34,0.35
KNA,Saint Kitts and Nevis,MtCO2e,0.19,0.19,0.19,0.20,0.21,0.21,0.22,0.23,0.25,0.25,0.27,0.28,0.29,0.29,0.31,0.29,0.30,0.32,0.32,0.33,0.33,0.34,0.32,0.32,0.32,0.33,0.34,0.34,0.35,0.35,0.34,0.35
PLW,Palau,MtCO2e,0.01,0.01,0.21,0.21,0.21,0.21,0.21,0.22,0.22,0.22,0.23,0.23,0.23,0.23,0.24,0.25,0.25,0.24,0.23,0.23,0.24,0.24,0.25,0.25,0.24,0.24,0.23,0.24,0.24,0.25,0.25,0.26
DMA,Dominica,MtCO2e,0.24,0.25,0.24,0.25,0.25,0.25,0.23,0.24,0.23,0.23,0.25,0.20,0.16,0.17,0.20,0.21,0.21,0.23,0.23,0.24,0.23,0.21,0.23,0.22,0.23,0.24,0.23,0.21,0.22,0.23,0.21,0.22
MHL,Marshall Islands,MtCO2e,0.03,0.03,0.11,0.11,0.12,0.12,0.12,0.12,0.13,0.13,0.13,0.14,0.15,0.15,0.15,0.15,0.16,0.17,0.17,0.17,0.18,0.18,0.18,0.18,0.18,0.19,0.19,0.20,0.20,0.20,0.20,0.21
FSM,Micronesia,MtCO2e,0.01,-0.02,0.12,0.13,0.14,0.22,0.23,0.24,0.25,0.23,0.22,0.21,0.19,0.20,0.19,0.16,0.16,0.17,0.15,0.19,0.15,0.16,0.18,0.19,0.19,0.19,0.19,0.19,0.20,0.20,0.20,0.21
LIE,Liechtenstein,MtCO2e,0.22,0.23,0.23,0.24,0.23,0.23,0.23,0.25,0.26,0.26,0.25,0.25,0.26,0.27,0.27,0.27,0.27,0.24,0.26,0.25,0.23,0.19,0.20,0.21,0.18,0.17,0.16,0.17,0.16,0.16,0.16,0.16
KIR,Kiribati,MtCO2e,0.04,0.04,0.04,0.05,0.04,0.05,0.05,0.05,0.05,0.05,0.06,0.06,0.06,0.06,0.07,0.08,0.08,0.08,0.08,0.08,0.08,0.08,0.08,0.09,0.09,0.09,0.09,0.10,0.10,0.11,0.10,0.11
COK,Cook Islands,MtCO2e,0.03,0.03,0.03,0.04,0.04,0.04,0.05,0.05,0.05,0.05,0.05,0.07,0.06,0.06,0.07,0.07,0.08,0.08,0.08,0.08,0.09,0.09,0.09,0.09,0.10,0.09,0.09,0.09,0.09,0.09,0.08,0.08
NRU,Nauru,MtCO2e,0.13,0.13,0.12,0.12,0.12,0.11,0.11,0.11,0.10,0.10,0.09,0.09,0.08,0.07,0.07,0.07,0.05,0.05,0.05,0.05,0.05,0.05,0.05,0.05,0.06,0.06,0.06,0.06,0.06,0.06,0.06,0.06
TUV,Tuvalu,MtCO2e,0.01,0.02,0.02,0.02,0.02,0.02,0.02,0.02,0.02,0.02,0.02,0.02,0.02,0.02,0.02,0.02,0.02,0.03,0.02,0.02,0.02,0.02,0.02,0.02,0.02,0.02,0.02,0.02,0.02,0.02,0.02,0.02
NIU,Niue,MtCO2e,0.01,0.01,0.01,0.01,0.01,0.01,0.01,0.01,0.01,0.01,0.01,0.01,0.01,0.01,0.01,0.01,0.01,0.01,0.01,0.01,0.01,0.00,0.00,0.00,0.00,0.01,0.01,0.01,0.01,0.01,0.01,0.01
FJI,Fiji,MtCO2e,-0.84,-0.82,-0.77,-0.71,-0.67,-0.60,-0.55,-0.56,-0.60,-0.63,-0.60,-0.37,-0.55,-0.42,-0.11,-0.36,-0.25,-0.31,-0.58,-0.68,-0.37,-0.47,-0.50,-0.36,-0.72,-0.66,-0.73,-0.55,-0.49,-0.37,-0.81,-0.84
Data source,Climate Watch
Data for,Location: World. Sectors/Subsectors: Total including LUCF. Gases: All GHG. Calculation: Total. Show data by Countries